Electric Vehicle Flag,Hybrid Vehicle Flag,Make,Model,Model Year,Body Style,Door,Drive,Trim,Vehicle Count
No,No,HONDA,ACCORD,1978,Hatchback,3DR,FWD,,1
No,No,HONDA,ACCORD,1982,Hatchback,3DR,FWD,,1
No,No,HONDA,ACCORD,1982,Sedan,4DR,FWD,,1
No,No,HONDA,ACCORD,1983,Hatchback,3DR,FWD,,3
No,No,HONDA,ACCORD,1984,Sedan,4DR,FWD,,1
No,No,HONDA,ACCORD,1985,Hatchback,3DR,FWD,,3
No,No,HONDA,ACCORD,1985,Sedan,4DR,FWD,,4
No,No,HONDA,ACCORD,1986,Hatchback,3DR,FWD,,2
No,No,HONDA,ACCORD,1986,Sedan,4DR,FWD,,10
No,No,HONDA,ACCORD,1987,Hatchback,3DR,FWD,,4
No,No,HONDA,ACCORD,1987,Sedan,4DR,FWD,,19
No,No,HONDA,ACCORD,1988,Coupe,2DR,FWD,,7
No,No,HONDA,ACCORD,1988,Hatchback,3DR,FWD,,1
No,No,HONDA,ACCORD,1988,Sedan,4DR,FWD,,21
No,No,HONDA,ACCORD,1989,Coupe,2DR,FWD,,13
No,No,HONDA,ACCORD,1989,Hatchback,3DR,FWD,,1
No,No,HONDA,ACCORD,1989,Sedan,4DR,FWD,,52
No,No,HONDA,ACCORD,1990,Coupe,2DR,FWD,,22
No,No,HONDA,ACCORD,1990,Sedan,4DR,FWD,,148
No,No,HONDA,ACCORD,1991,Coupe,2DR,FWD,,39
No,No,HONDA,ACCORD,1991,Sedan,4DR,FWD,,244
No,No,HONDA,ACCORD,1991,Stationwagon,5DR,FWD,,28
No,No,HONDA,ACCORD,1992,Coupe,2DR,FWD,,69
No,No,HONDA,ACCORD,1992,Sedan,4DR,FWD,,294
No,No,HONDA,ACCORD,1992,Stationwagon,5DR,FWD,,21
No,No,HONDA,ACCORD,1993,Coupe,2DR,FWD,,30
No,No,HONDA,ACCORD,1993,Sedan,4DR,FWD,,195
No,No,HONDA,ACCORD,1993,Stationwagon,5DR,FWD,,11
No,No,HONDA,ACCORD,1994,Coupe,2DR,FWD,,30
No,No,HONDA,ACCORD,1994,Sedan,4DR,FWD,,180
No,No,HONDA,ACCORD,1994,Stationwagon,5DR,FWD,,9
No,No,HONDA,ACCORD,1995,Coupe,2DR,FWD,,24
No,No,HONDA,ACCORD,1995,Sedan,4DR,FWD,,246
No,No,HONDA,ACCORD,1995,Stationwagon,5DR,FWD,,13
No,No,HONDA,ACCORD,1996,Coupe,2DR,FWD,,15
No,No,HONDA,ACCORD,1996,Sedan,4DR,FWD,,317
No,No,HONDA,ACCORD,1996,Stationwagon,5DR,FWD,,3
No,No,HONDA,ACCORD,1997,Coupe,2DR,FWD,,21
No,No,HONDA,ACCORD,1997,Sedan,4DR,FWD,,343
No,No,HONDA,ACCORD,1998,Coupe,2DR,FWD,,166
No,No,HONDA,ACCORD,1998,Sedan,4DR,FWD,,792
No,No,HONDA,ACCORD,1999,Coupe,2DR,FWD,,139
No,No,HONDA,ACCORD,1999,Sedan,4DR,FWD,,690
No,No,HONDA,ACCORD,2000,Coupe,2DR,FWD,,228
No,No,HONDA,ACCORD,2000,Sedan,4DR,FWD,,1177
No,No,HONDA,ACCORD,2001,Coupe,2DR,FWD,,254
No,No,HONDA,ACCORD,2001,Sedan,4DR,FWD,,1227
No,No,HONDA,ACCORD,2002,Coupe,2DR,FWD,,407
No,No,HONDA,ACCORD,2002,Sedan,4DR,FWD,,1715
No,No,HONDA,ACCORD,2003,Coupe,2DR,FWD,,514
No,No,HONDA,ACCORD,2003,Sedan,4DR,FWD,,2094
No,No,HONDA,ACCORD,2004,Coupe,2DR,FWD,,257
No,No,HONDA,ACCORD,2004,Sedan,4DR,FWD,,1592
No,No,HONDA,ACCORD,2005,Coupe,2DR,FWD,,336
No,No,HONDA,ACCORD,2005,Sedan,4DR,FWD,,1935
No,No,HONDA,ACCORD,2006,Coupe,2DR,FWD,,231
No,No,HONDA,ACCORD,2006,Sedan,4DR,FWD,,1652
No,No,HONDA,ACCORD,2007,Coupe,2DR,FWD,,203
No,No,HONDA,ACCORD,2007,Sedan,4DR,FWD,,1840
No,No,HONDA,ACCORD,2008,Coupe,2DR,FWD,,703
No,No,HONDA,ACCORD,2008,Sedan,4DR,FWD,,2189
No,No,HONDA,ACCORD,2009,Coupe,2DR,FWD,,315
No,No,HONDA,ACCORD,2009,Sedan,4DR,FWD,,1058
No,No,HONDA,ACCORD,2010,Coupe,2DR,FWD,,295
No,No,HONDA,ACCORD,2010,Sedan,4DR,FWD,,909
No,No,HONDA,ACCORD,2011,Coupe,2DR,FWD,,164
No,No,HONDA,ACCORD,2011,Sedan,4DR,FWD,,549
No,No,HONDA,ACCORD,2012,Coupe,2DR,FWD,,159
No,No,HONDA,ACCORD,2012,Sedan,4DR,FWD,,484
No,No,HONDA,ACCORD,2013,Coupe,2DR,FWD,,374
No,No,HONDA,ACCORD,2013,Sedan,4DR,FWD,,1310
No,No,HONDA,ACCORD,2014,Coupe,2DR,FWD,,223
No,No,HONDA,ACCORD,2014,Sedan,4DR,FWD,,1567
No,No,HONDA,ACCORD,2015,Coupe,2DR,FWD,,264
No,No,HONDA,ACCORD,2015,Sedan,4DR,FWD,,1427
No,No,HONDA,ACCORD,2016,Coupe,2DR,FWD,,195
No,No,HONDA,ACCORD,2016,Sedan,4DR,FWD,,1163
No,No,HONDA,ACCORD,2017,Coupe,2DR,FWD,,178
No,No,HONDA,ACCORD,2017,Sedan,4DR,FWD,,1585
No,No,HONDA,ACCORD,2018,Sedan,4DR,FWD,,1544
No,No,HONDA,ACCORD,2019,Sedan,4DR,FWD,,963
No,No,HONDA,ACCORD,2020,Sedan,4DR,FWD,,521
No,No,HONDA,ACCORD,2021,Sedan,4DR,FWD,,470
No,No,HONDA,ACCORD,2022,Sedan,4DR,FWD,,21
No,No,HONDA,ACTY,1988,Truck,2DR,FWD,,2
No,No,HONDA,ACTY,1989,Truck,2DR,FWD,,2
No,No,HONDA,ACTY,1990,Truck,2DR,FWD,,6
No,No,HONDA,ACTY,1991,Truck,2DR,FWD,,3
No,No,HONDA,ACTY,1992,Minivan,5DR,FWD,,1
No,No,HONDA,ACTY,1992,Truck,2DR,FWD,,2
No,No,HONDA,ACTY,1994,Truck,2DR,FWD,,5
No,No,HONDA,ACTY,1995,Minivan,5DR,FWD,,2
No,No,HONDA,ACTY,1995,Truck,2DR,FWD,,1
No,No,HONDA,ACTY,1996,Truck,2DR,FWD,,4
No,No,HONDA,ACTY,1997,Minivan,5DR,FWD,,3
No,No,HONDA,ACTY,1997,Truck,2DR,FWD,,3
No,No,HONDA,ACTY,1998,Truck,2DR,FWD,,2
No,No,HONDA,ACTY,1999,Truck,2DR,FWD,,3
No,No,HONDA,ACTY,2000,Minivan,5DR,FWD,,1
No,No,HONDA,ACTY,2000,Truck,2DR,FWD,,2
No,No,HONDA,ACTY,2001,Truck,2DR,FWD,,5
No,No,HONDA,ACTY,2003,Truck,2DR,FWD,,2
No,No,HONDA,BEAT,1991,Convertible,2DR,FWD,,4
No,No,HONDA,CIVIC,1975,Hatchback,3DR,FWD,,1
No,No,HONDA,CIVIC,1975,Hatchback,5DR,FWD,,1
No,No,HONDA,CIVIC,1976,Coupe,2DR,FWD,,1
No,No,HONDA,CIVIC,1976,Hatchback,5DR,FWD,,1
No,No,HONDA,CIVIC,1977,Coupe,2DR,FWD,,1
No,No,HONDA,CIVIC,1977,Hatchback,3DR,FWD,,1
No,No,HONDA,CIVIC,1977,Hatchback,5DR,FWD,,2
No,No,HONDA,CIVIC,1977,Stationwagon,5DR,FWD,,1
No,No,HONDA,CIVIC,1978,Coupe,2DR,FWD,,4
No,No,HONDA,CIVIC,1978,Hatchback,5DR,FWD,,5
No,No,HONDA,CIVIC,1978,Stationwagon,5DR,FWD,,1
No,No,HONDA,CIVIC,1979,Hatchback,5DR,FWD,,4
No,No,HONDA,CIVIC,1980,Stationwagon,5DR,FWD,,1
No,No,HONDA,CIVIC,1981,Hatchback,3DR,FWD,,1
No,No,HONDA,CIVIC,1981,Sedan,4DR,FWD,,1
No,No,HONDA,CIVIC,1981,Stationwagon,5DR,FWD,,1
No,No,HONDA,CIVIC,1982,Hatchback,3DR,FWD,,5
No,No,HONDA,CIVIC,1982,Sedan,4DR,FWD,,1
No,No,HONDA,CIVIC,1982,Stationwagon,5DR,FWD,,1
No,No,HONDA,CIVIC,1983,Hatchback,3DR,FWD,,4
No,No,HONDA,CIVIC,1983,Hatchback,5DR,FWD,,1
No,No,HONDA,CIVIC,1983,Sedan,4DR,FWD,,2
No,No,HONDA,CIVIC,1983,Stationwagon,5DR,FWD,,2
No,No,HONDA,CIVIC,1984,Hatchback,3DR,FWD,,3
No,No,HONDA,CIVIC,1984,Sedan,4DR,FWD,,4
No,No,HONDA,CIVIC,1985,Hatchback,3DR,FWD,,4
No,No,HONDA,CIVIC,1985,Sedan,4DR,FWD,,2
No,No,HONDA,CIVIC,1985,Stationwagon,5DR,FWD,,1
No,No,HONDA,CIVIC,1986,Hatchback,3DR,FWD,,9
No,No,HONDA,CIVIC,1986,Sedan,4DR,FWD,,6
No,No,HONDA,CIVIC,1987,Hatchback,3DR,FWD,,12
No,No,HONDA,CIVIC,1987,Hatchback,5DR,FWD,,2
No,No,HONDA,CIVIC,1987,Sedan,4DR,FWD,,4
No,No,HONDA,CIVIC,1987,Stationwagon,5DR,AWD,,1
No,No,HONDA,CIVIC,1987,Stationwagon,5DR,FWD,,3
No,No,HONDA,CIVIC,1988,Hatchback,3DR,FWD,,14
No,No,HONDA,CIVIC,1988,Hatchback,5DR,FWD,,1
No,No,HONDA,CIVIC,1988,Sedan,4DR,FWD,,10
No,No,HONDA,CIVIC,1988,Stationwagon,5DR,FWD,,8
No,No,HONDA,CIVIC,1989,Hatchback,3DR,FWD,,65
No,No,HONDA,CIVIC,1989,Hatchback,5DR,FWD,,2
No,No,HONDA,CIVIC,1989,Sedan,4DR,FWD,,34
No,No,HONDA,CIVIC,1989,Stationwagon,5DR,AWD,,2
No,No,HONDA,CIVIC,1989,Stationwagon,5DR,FWD,,8
No,No,HONDA,CIVIC,1990,Hatchback,3DR,FWD,,120
No,No,HONDA,CIVIC,1990,Hatchback,5DR,FWD,,5
No,No,HONDA,CIVIC,1990,Sedan,4DR,FWD,,33
No,No,HONDA,CIVIC,1990,Stationwagon,5DR,FWD,,8
No,No,HONDA,CIVIC,1991,Hatchback,3DR,FWD,,199
No,No,HONDA,CIVIC,1991,Hatchback,5DR,FWD,,7
No,No,HONDA,CIVIC,1991,Sedan,4DR,FWD,,75
No,No,HONDA,CIVIC,1991,Stationwagon,5DR,FWD,,14
No,No,HONDA,CIVIC,1992,Hatchback,3DR,FWD,,132
No,No,HONDA,CIVIC,1992,Hatchback,5DR,FWD,,5
No,No,HONDA,CIVIC,1992,Sedan,4DR,FWD,,69
No,No,HONDA,CIVIC,1993,Coupe,2DR,FWD,,77
No,No,HONDA,CIVIC,1993,Hatchback,3DR,FWD,,150
No,No,HONDA,CIVIC,1993,Hatchback,5DR,FWD,,6
No,No,HONDA,CIVIC,1993,Sedan,4DR,FWD,,74
No,No,HONDA,CIVIC,1994,Coupe,2DR,FWD,,64
No,No,HONDA,CIVIC,1994,Hatchback,3DR,FWD,,77
No,No,HONDA,CIVIC,1994,Hatchback,5DR,FWD,,2
No,No,HONDA,CIVIC,1994,Sedan,4DR,FWD,,63
No,No,HONDA,CIVIC,1995,Coupe,2DR,FWD,,125
No,No,HONDA,CIVIC,1995,Hatchback,3DR,FWD,,92
No,No,HONDA,CIVIC,1995,Hatchback,5DR,FWD,,2
No,No,HONDA,CIVIC,1995,Sedan,4DR,FWD,,146
No,No,HONDA,CIVIC,1996,Coupe,2DR,FWD,,98
No,No,HONDA,CIVIC,1996,Hatchback,3DR,FWD,,211
No,No,HONDA,CIVIC,1996,Hatchback,5DR,FWD,,5
No,No,HONDA,CIVIC,1996,Sedan,4DR,FWD,,246
No,No,HONDA,CIVIC,1997,Coupe,2DR,FWD,,174
No,No,HONDA,CIVIC,1997,Hatchback,3DR,FWD,,211
No,No,HONDA,CIVIC,1997,Hatchback,5DR,FWD,,3
No,No,HONDA,CIVIC,1997,Sedan,4DR,FWD,,511
No,No,HONDA,CIVIC,1998,Coupe,2DR,FWD,,341
No,No,HONDA,CIVIC,1998,Hatchback,3DR,FWD,,370
No,No,HONDA,CIVIC,1998,Hatchback,5DR,FWD,,3
No,No,HONDA,CIVIC,1998,Sedan,4DR,FWD,,622
No,No,HONDA,CIVIC,1999,Coupe,2DR,FWD,,275
No,No,HONDA,CIVIC,1999,Coupe,2DR,FWD,SIR,47
No,No,HONDA,CIVIC,1999,Hatchback,3DR,FWD,,358
No,No,HONDA,CIVIC,1999,Hatchback,5DR,FWD,,9
No,No,HONDA,CIVIC,1999,Sedan,4DR,FWD,,837
No,No,HONDA,CIVIC,2000,Coupe,2DR,FWD,,439
No,No,HONDA,CIVIC,2000,Coupe,2DR,FWD,SIR,76
No,No,HONDA,CIVIC,2000,Hatchback,3DR,FWD,,409
No,No,HONDA,CIVIC,2000,Hatchback,5DR,FWD,,4
No,No,HONDA,CIVIC,2000,Sedan,4DR,FWD,,1088
No,No,HONDA,CIVIC,2001,Coupe,2DR,FWD,,732
No,No,HONDA,CIVIC,2001,Hatchback,5DR,FWD,,5
No,No,HONDA,CIVIC,2001,Sedan,4DR,FWD,,1648
No,No,HONDA,CIVIC,2002,Coupe,2DR,FWD,,1271
No,No,HONDA,CIVIC,2002,Hatchback,3DR,FWD,SIR,152
No,No,HONDA,CIVIC,2002,Hatchback,5DR,FWD,,1
No,No,HONDA,CIVIC,2002,Sedan,4DR,FWD,,2583
No,No,HONDA,CIVIC,2003,Coupe,2DR,FWD,,1089
No,No,HONDA,CIVIC,2003,Hatchback,3DR,FWD,SIR,58
No,No,HONDA,CIVIC,2003,Sedan,4DR,FWD,,2447
No,No,HONDA,CIVIC,2004,Coupe,2DR,FWD,,1133
No,No,HONDA,CIVIC,2004,Hatchback,3DR,FWD,SIR,71
No,No,HONDA,CIVIC,2004,Hatchback,5DR,FWD,,1
No,No,HONDA,CIVIC,2004,Hatchback,5DR,FWD,SIR,2
No,No,HONDA,CIVIC,2004,Sedan,4DR,FWD,,2680
No,No,HONDA,CIVIC,2005,Coupe,2DR,FWD,,1314
No,No,HONDA,CIVIC,2005,Hatchback,3DR,FWD,SIR,2
No,No,HONDA,CIVIC,2005,Hatchback,5DR,FWD,,5
No,No,HONDA,CIVIC,2005,Hatchback,5DR,FWD,SIR,1
No,No,HONDA,CIVIC,2005,Sedan,4DR,FWD,,3391
No,No,HONDA,CIVIC,2006,Coupe,2DR,FWD,,1680
No,No,HONDA,CIVIC,2006,Coupe,2DR,FWD,SI,158
No,No,HONDA,CIVIC,2006,Hatchback,5DR,FWD,,1
No,No,HONDA,CIVIC,2006,Sedan,4DR,FWD,,4650
No,No,HONDA,CIVIC,2007,Coupe,2DR,FWD,,1775
No,No,HONDA,CIVIC,2007,Coupe,2DR,FWD,SI,191
No,No,HONDA,CIVIC,2007,Hatchback,5DR,FWD,,1
No,No,HONDA,CIVIC,2007,Sedan,4DR,FWD,,4953
No,No,HONDA,CIVIC,2007,Sedan,4DR,FWD,SI,9
No,No,HONDA,CIVIC,2008,Coupe,2DR,FWD,,1661
No,No,HONDA,CIVIC,2008,Coupe,2DR,FWD,SI,200
No,No,HONDA,CIVIC,2008,Sedan,4DR,FWD,,4657
No,No,HONDA,CIVIC,2008,Sedan,4DR,FWD,SI,147
No,No,HONDA,CIVIC,2009,Coupe,2DR,FWD,,987
No,No,HONDA,CIVIC,2009,Coupe,2DR,FWD,SI,89
No,No,HONDA,CIVIC,2009,Hatchback,5DR,FWD,,1
No,No,HONDA,CIVIC,2009,Sedan,4DR,FWD,,3689
No,No,HONDA,CIVIC,2009,Sedan,4DR,FWD,SI,47
No,No,HONDA,CIVIC,2010,Coupe,2DR,FWD,,877
No,No,HONDA,CIVIC,2010,Coupe,2DR,FWD,SI,99
No,No,HONDA,CIVIC,2010,Sedan,4DR,FWD,,4046
No,No,HONDA,CIVIC,2010,Sedan,4DR,FWD,SI,72
No,No,HONDA,CIVIC,2011,Coupe,2DR,FWD,,365
No,No,HONDA,CIVIC,2011,Coupe,2DR,FWD,SI,21
No,No,HONDA,CIVIC,2011,Sedan,4DR,FWD,,1589
No,No,HONDA,CIVIC,2011,Sedan,4DR,FWD,SI,16
No,No,HONDA,CIVIC,2012,Coupe,2DR,FWD,,1195
No,No,HONDA,CIVIC,2012,Coupe,2DR,FWD,SI,197
No,No,HONDA,CIVIC,2012,Hatchback,5DR,FWD,,3
No,No,HONDA,CIVIC,2012,Sedan,4DR,FWD,,6983
No,No,HONDA,CIVIC,2012,Sedan,4DR,FWD,SI,139
No,No,HONDA,CIVIC,2013,Coupe,2DR,FWD,,572
No,No,HONDA,CIVIC,2013,Coupe,2DR,FWD,SI,106
No,No,HONDA,CIVIC,2013,Hatchback,5DR,FWD,,1
No,No,HONDA,CIVIC,2013,Sedan,4DR,FWD,,4806
No,No,HONDA,CIVIC,2013,Sedan,4DR,FWD,SI,92
No,No,HONDA,CIVIC,2014,Coupe,2DR,FWD,,552
No,No,HONDA,CIVIC,2014,Coupe,2DR,FWD,SI,108
No,No,HONDA,CIVIC,2014,Hatchback,5DR,FWD,,1
No,No,HONDA,CIVIC,2014,Sedan,4DR,FWD,,4592
No,No,HONDA,CIVIC,2014,Sedan,4DR,FWD,SI,107
No,No,HONDA,CIVIC,2015,Coupe,2DR,FWD,,565
No,No,HONDA,CIVIC,2015,Coupe,2DR,FWD,SI,112
No,No,HONDA,CIVIC,2015,Hatchback,5DR,FWD,,1
No,No,HONDA,CIVIC,2015,Sedan,4DR,FWD,,5850
No,No,HONDA,CIVIC,2015,Sedan,4DR,FWD,SI,160
No,No,HONDA,CIVIC,2016,Coupe,2DR,FWD,,513
No,No,HONDA,CIVIC,2016,Sedan,4DR,FWD,,5784
No,No,HONDA,CIVIC,2017,Coupe,2DR,FWD,,558
No,No,HONDA,CIVIC,2017,Coupe,2DR,FWD,SI,90
No,No,HONDA,CIVIC,2017,Hatchback,5DR,FWD,,1138
No,No,HONDA,CIVIC,2017,Hatchback,5DR,FWD,SI,2
No,No,HONDA,CIVIC,2017,Hatchback,5DR,FWD,TYPE R,61
No,No,HONDA,CIVIC,2017,Sedan,4DR,FWD,,4951
No,No,HONDA,CIVIC,2017,Sedan,4DR,FWD,SI,132
No,No,HONDA,CIVIC,2018,Coupe,2DR,FWD,,351
No,No,HONDA,CIVIC,2018,Coupe,2DR,FWD,SI,82
No,No,HONDA,CIVIC,2018,Hatchback,5DR,FWD,,1154
No,No,HONDA,CIVIC,2018,Hatchback,5DR,FWD,TYPE R,108
No,No,HONDA,CIVIC,2018,Sedan,4DR,FWD,,4954
No,No,HONDA,CIVIC,2018,Sedan,4DR,FWD,SI,92
No,No,HONDA,CIVIC,2019,Coupe,2DR,FWD,,206
No,No,HONDA,CIVIC,2019,Coupe,2DR,FWD,SI,56
No,No,HONDA,CIVIC,2019,Hatchback,5DR,FWD,,636
No,No,HONDA,CIVIC,2019,Hatchback,5DR,FWD,SI,1
No,No,HONDA,CIVIC,2019,Hatchback,5DR,FWD,TYPE R,132
No,No,HONDA,CIVIC,2019,Sedan,4DR,FWD,,4423
No,No,HONDA,CIVIC,2019,Sedan,4DR,FWD,SI,102
No,No,HONDA,CIVIC,2020,Coupe,2DR,FWD,,237
No,No,HONDA,CIVIC,2020,Coupe,2DR,FWD,SI,39
No,No,HONDA,CIVIC,2020,Hatchback,5DR,FWD,,472
No,No,HONDA,CIVIC,2020,Hatchback,5DR,FWD,SI,1
No,No,HONDA,CIVIC,2020,Hatchback,5DR,FWD,TYPE R,92
No,No,HONDA,CIVIC,2020,Sedan,4DR,FWD,,4083
No,No,HONDA,CIVIC,2020,Sedan,4DR,FWD,SI,80
No,No,HONDA,CIVIC,2021,Hatchback,5DR,FWD,,215
No,No,HONDA,CIVIC,2021,Hatchback,5DR,FWD,TYPE R,30
No,No,HONDA,CIVIC,2021,Hatchback,5DR,FWD,TYPE R LE,19
No,No,HONDA,CIVIC,2021,Sedan,4DR,FWD,,1676
No,No,HONDA,CIVIC,2022,Hatchback,5DR,FWD,,90
No,No,HONDA,CIVIC,2022,Sedan,4DR,FWD,,2240
No,No,HONDA,CIVIC CRX,1984,Coupe,3DR,FWD,,1
No,No,HONDA,CIVIC CRX,1985,Coupe,3DR,FWD,,2
No,No,HONDA,CIVIC CRX,1986,Coupe,3DR,FWD,,4
No,No,HONDA,CIVIC CRX,1987,Coupe,3DR,FWD,,8
No,No,HONDA,CIVIC CRX,1988,Coupe,3DR,FWD,,16
No,No,HONDA,CIVIC CRX,1989,Coupe,3DR,FWD,,28
No,No,HONDA,CIVIC CRX,1990,Coupe,3DR,FWD,,40
No,No,HONDA,CIVIC CRX,1991,Coupe,3DR,FWD,,43
No,No,HONDA,CIVIC CRX,1992,Coupe,3DR,FWD,,3
No,No,HONDA,CIVIC DEL SOL,1993,Convertible,2DR,FWD,,105
No,No,HONDA,CIVIC DEL SOL,1994,Convertible,2DR,FWD,,4
No,No,HONDA,CIVIC DEL SOL,1994,Convertible,2DR,FWD,VTEC,6
No,No,HONDA,CIVIC DEL SOL,1995,Convertible,2DR,FWD,,20
No,No,HONDA,CIVIC DEL SOL,1995,Convertible,2DR,FWD,VTEC,10
No,No,HONDA,CIVIC DEL SOL,1996,Convertible,2DR,FWD,,10
No,No,HONDA,CIVIC DEL SOL,1996,Convertible,2DR,FWD,VTEC,9
No,No,HONDA,CIVIC DEL SOL,1997,Convertible,2DR,FWD,,11
No,No,HONDA,CIVIC DEL SOL,1997,Convertible,2DR,FWD,VTEC,15
No,No,HONDA,CR-V,1995,SUV,5DR,FWD,,1
No,No,HONDA,CR-V,1996,SUV,5DR,FWD,,10
No,No,HONDA,CR-V,1997,SUV,5DR,AWD,,1467
No,No,HONDA,CR-V,1997,SUV,5DR,FWD,,15
No,No,HONDA,CR-V,1998,SUV,5DR,AWD,,1023
No,No,HONDA,CR-V,1998,SUV,5DR,FWD,,28
No,No,HONDA,CR-V,1999,SUV,5DR,AWD,,1013
No,No,HONDA,CR-V,1999,SUV,5DR,FWD,,9
No,No,HONDA,CR-V,2000,SUV,5DR,AWD,,1305
No,No,HONDA,CR-V,2000,SUV,5DR,FWD,,16
No,No,HONDA,CR-V,2001,SUV,5DR,AWD,,1196
No,No,HONDA,CR-V,2001,SUV,5DR,FWD,,5
No,No,HONDA,CR-V,2002,SUV,5DR,AWD,,2307
No,No,HONDA,CR-V,2002,SUV,5DR,FWD,,10
No,No,HONDA,CR-V,2003,SUV,5DR,AWD,,2367
No,No,HONDA,CR-V,2003,SUV,5DR,FWD,,6
No,No,HONDA,CR-V,2004,SUV,5DR,AWD,,1935
No,No,HONDA,CR-V,2004,SUV,5DR,FWD,,13
No,No,HONDA,CR-V,2005,SUV,5DR,AWD,,2242
No,No,HONDA,CR-V,2005,SUV,5DR,FWD,,13
No,No,HONDA,CR-V,2006,SUV,5DR,AWD,,2630
No,No,HONDA,CR-V,2006,SUV,5DR,FWD,,14
No,No,HONDA,CR-V,2007,SUV,5DR,AWD,,2911
No,No,HONDA,CR-V,2007,SUV,5DR,FWD,,265
No,No,HONDA,CR-V,2008,SUV,5DR,AWD,,2896
No,No,HONDA,CR-V,2008,SUV,5DR,FWD,,172
No,No,HONDA,CR-V,2009,SUV,5DR,AWD,,2111
No,No,HONDA,CR-V,2009,SUV,5DR,FWD,,90
No,No,HONDA,CR-V,2010,SUV,5DR,AWD,,3299
No,No,HONDA,CR-V,2010,SUV,5DR,FWD,,192
No,No,HONDA,CR-V,2011,SUV,5DR,AWD,,3804
No,No,HONDA,CR-V,2011,SUV,5DR,FWD,,213
No,No,HONDA,CR-V,2012,SUV,5DR,AWD,,3072
No,No,HONDA,CR-V,2012,SUV,5DR,FWD,,125
No,No,HONDA,CR-V,2013,SUV,5DR,AWD,,2856
No,No,HONDA,CR-V,2013,SUV,5DR,FWD,,140
No,No,HONDA,CR-V,2014,SUV,5DR,AWD,,3998
No,No,HONDA,CR-V,2014,SUV,5DR,FWD,,237
No,No,HONDA,CR-V,2015,SUV,5DR,AWD,,4216
No,No,HONDA,CR-V,2015,SUV,5DR,FWD,,252
No,No,HONDA,CR-V,2016,SUV,5DR,AWD,,4563
No,No,HONDA,CR-V,2016,SUV,5DR,FWD,,222
No,No,HONDA,CR-V,2017,SUV,5DR,AWD,,4980
No,No,HONDA,CR-V,2017,SUV,5DR,FWD,,293
No,No,HONDA,CR-V,2018,SUV,5DR,AWD,,5431
No,No,HONDA,CR-V,2018,SUV,5DR,FWD,,211
No,No,HONDA,CR-V,2019,SUV,5DR,AWD,,4695
No,No,HONDA,CR-V,2019,SUV,5DR,FWD,,199
No,No,HONDA,CR-V,2020,SUV,5DR,AWD,,3887
No,No,HONDA,CR-V,2020,SUV,5DR,FWD,,185
No,No,HONDA,CR-V,2021,SUV,5DR,AWD,,3754
No,No,HONDA,CR-V,2021,SUV,5DR,FWD,,143
No,No,HONDA,CR-V,2022,SUV,5DR,AWD,,336
No,No,HONDA,CR-V,2022,SUV,5DR,FWD,,34
No,No,HONDA,CROSSTOUR,2010,SUV,5DR,AWD,,288
No,No,HONDA,CROSSTOUR,2010,SUV,5DR,FWD,,33
No,No,HONDA,CROSSTOUR,2011,SUV,5DR,AWD,,86
No,No,HONDA,CROSSTOUR,2011,SUV,5DR,FWD,,1
No,No,HONDA,CROSSTOUR,2012,SUV,5DR,AWD,,111
No,No,HONDA,CROSSTOUR,2012,SUV,5DR,FWD,,1
No,No,HONDA,CROSSTOUR,2013,SUV,5DR,AWD,,52
No,No,HONDA,CROSSTOUR,2013,SUV,5DR,FWD,,31
No,No,HONDA,CROSSTOUR,2014,SUV,5DR,AWD,,110
No,No,HONDA,CROSSTOUR,2014,SUV,5DR,FWD,,1
No,No,HONDA,CROSSTOUR,2015,SUV,5DR,AWD,,1
No,No,HONDA,ELEMENT,2003,SUV,5DR,AWD,,352
No,No,HONDA,ELEMENT,2003,SUV,5DR,FWD,,301
No,No,HONDA,ELEMENT,2004,SUV,5DR,AWD,,319
No,No,HONDA,ELEMENT,2004,SUV,5DR,FWD,,133
No,No,HONDA,ELEMENT,2005,SUV,5DR,AWD,,346
No,No,HONDA,ELEMENT,2005,SUV,5DR,FWD,,189
No,No,HONDA,ELEMENT,2006,SUV,5DR,AWD,,304
No,No,HONDA,ELEMENT,2006,SUV,5DR,FWD,,215
No,No,HONDA,ELEMENT,2007,SUV,5DR,AWD,,199
No,No,HONDA,ELEMENT,2007,SUV,5DR,FWD,,216
No,No,HONDA,ELEMENT,2008,SUV,5DR,AWD,,289
No,No,HONDA,ELEMENT,2008,SUV,5DR,FWD,,219
No,No,HONDA,ELEMENT,2009,SUV,5DR,AWD,,172
No,No,HONDA,ELEMENT,2009,SUV,5DR,FWD,,52
No,No,HONDA,ELEMENT,2010,SUV,5DR,AWD,,96
No,No,HONDA,ELEMENT,2010,SUV,5DR,FWD,,15
No,No,HONDA,ELEMENT,2011,SUV,5DR,AWD,,6
No,No,HONDA,ELEMENT,2011,SUV,5DR,FWD,,1
No,No,HONDA,FIT,2007,Hatchback,5DR,FWD,,2984
No,No,HONDA,FIT,2008,Hatchback,5DR,FWD,,2479
No,No,HONDA,FIT,2009,Hatchback,5DR,FWD,,2815
No,No,HONDA,FIT,2010,Hatchback,5DR,FWD,,1651
No,No,HONDA,FIT,2011,Hatchback,5DR,FWD,,551
No,No,HONDA,FIT,2012,Hatchback,5DR,FWD,,835
No,No,HONDA,FIT,2013,Hatchback,5DR,FWD,,1750
No,No,HONDA,FIT,2014,Hatchback,5DR,FWD,,1066
No,No,HONDA,FIT,2015,Hatchback,5DR,FWD,,1902
No,No,HONDA,FIT,2016,Hatchback,5DR,FWD,,1867
No,No,HONDA,FIT,2017,Hatchback,5DR,FWD,,830
No,No,HONDA,FIT,2018,Hatchback,5DR,FWD,,654
No,No,HONDA,FIT,2019,Hatchback,5DR,FWD,,715
No,No,HONDA,FIT,2020,Hatchback,5DR,FWD,,453
No,No,HONDA,HR-V,1998,SUV,5DR,FWD,,1
No,No,HONDA,HR-V,2016,SUV,5DR,AWD,,1733
No,No,HONDA,HR-V,2016,SUV,5DR,FWD,,460
No,No,HONDA,HR-V,2017,SUV,5DR,AWD,,1174
No,No,HONDA,HR-V,2017,SUV,5DR,FWD,,312
No,No,HONDA,HR-V,2018,SUV,5DR,AWD,,1106
No,No,HONDA,HR-V,2018,SUV,5DR,FWD,,267
No,No,HONDA,HR-V,2019,SUV,5DR,AWD,,1189
No,No,HONDA,HR-V,2019,SUV,5DR,FWD,,200
No,No,HONDA,HR-V,2020,SUV,5DR,AWD,,810
No,No,HONDA,HR-V,2020,SUV,5DR,FWD,,109
No,No,HONDA,HR-V,2021,SUV,5DR,AWD,,429
No,No,HONDA,HR-V,2021,SUV,5DR,FWD,,85
No,No,HONDA,HR-V,2022,SUV,5DR,AWD,,356
No,No,HONDA,HR-V,2022,SUV,5DR,FWD,,40
No,No,HONDA,INTEGRA,1987,Sedan,4DR,FWD,,1
No,No,HONDA,INTEGRA,1989,Coupe,3DR,FWD,,1
No,No,HONDA,INTEGRA,1993,Sedan,4DR,FWD,,1
No,No,HONDA,INTEGRA,1995,Coupe,3DR,FWD,,1
No,No,HONDA,INTEGRA,1996,Coupe,3DR,FWD,,4
No,No,HONDA,LIFE,2003,Hatchback,5DR,FWD,,1
No,No,HONDA,ODYSSEY,1995,Minivan,5DR,FWD,,75
No,No,HONDA,ODYSSEY,1996,Minivan,5DR,FWD,,61
No,No,HONDA,ODYSSEY,1997,Minivan,5DR,FWD,,76
No,No,HONDA,ODYSSEY,1998,Minivan,5DR,FWD,,80
No,No,HONDA,ODYSSEY,1999,Minivan,5DR,FWD,,252
No,No,HONDA,ODYSSEY,2000,Minivan,5DR,FWD,,544
No,No,HONDA,ODYSSEY,2001,Minivan,5DR,FWD,,594
No,No,HONDA,ODYSSEY,2002,Minivan,5DR,FWD,,1056
No,No,HONDA,ODYSSEY,2003,Minivan,5DR,FWD,,1337
No,No,HONDA,ODYSSEY,2004,Minivan,5DR,FWD,,852
No,No,HONDA,ODYSSEY,2005,Minivan,5DR,FWD,,1425
No,No,HONDA,ODYSSEY,2006,Minivan,5DR,FWD,,1942
No,No,HONDA,ODYSSEY,2007,Minivan,5DR,FWD,,1923
No,No,HONDA,ODYSSEY,2008,Minivan,5DR,FWD,,1256
No,No,HONDA,ODYSSEY,2009,Minivan,5DR,FWD,,663
No,No,HONDA,ODYSSEY,2010,Minivan,5DR,FWD,,969
No,No,HONDA,ODYSSEY,2011,Minivan,5DR,FWD,,1065
No,No,HONDA,ODYSSEY,2012,Minivan,5DR,FWD,,938
No,No,HONDA,ODYSSEY,2013,Minivan,5DR,FWD,,804
No,No,HONDA,ODYSSEY,2014,Minivan,5DR,FWD,,1545
No,No,HONDA,ODYSSEY,2015,Minivan,5DR,FWD,,1537
No,No,HONDA,ODYSSEY,2016,Minivan,5DR,FWD,,1657
No,No,HONDA,ODYSSEY,2017,Minivan,5DR,FWD,,517
No,No,HONDA,ODYSSEY,2018,Minivan,5DR,FWD,,1367
No,No,HONDA,ODYSSEY,2019,Minivan,5DR,FWD,,1756
No,No,HONDA,ODYSSEY,2020,Minivan,5DR,FWD,,540
No,No,HONDA,ODYSSEY,2021,Minivan,5DR,FWD,,60
No,No,HONDA,ODYSSEY,2022,Minivan,5DR,FWD,,375
No,No,HONDA,PASSPORT,1994,SUV,5DR,FWD,,1
No,No,HONDA,PASSPORT,1995,SUV,5DR,AWD,,1
No,No,HONDA,PASSPORT,1997,SUV,5DR,AWD,,1
No,No,HONDA,PASSPORT,1998,SUV,5DR,FWD,,1
No,No,HONDA,PASSPORT,1999,SUV,5DR,AWD,,2
No,No,HONDA,PASSPORT,2000,SUV,5DR,AWD,,2
No,No,HONDA,PASSPORT,2000,SUV,5DR,FWD,,1
No,No,HONDA,PASSPORT,2001,SUV,5DR,FWD,,1
No,No,HONDA,PASSPORT,2002,SUV,5DR,AWD,,1
No,No,HONDA,PASSPORT,2019,SUV,5DR,AWD,,373
No,No,HONDA,PASSPORT,2020,SUV,5DR,AWD,,187
No,No,HONDA,PASSPORT,2021,SUV,5DR,AWD,,271
No,No,HONDA,PILOT,2003,SUV,5DR,AWD,,930
No,No,HONDA,PILOT,2004,SUV,5DR,AWD,,712
No,No,HONDA,PILOT,2005,SUV,5DR,AWD,,877
No,No,HONDA,PILOT,2006,SUV,5DR,AWD,,951
No,No,HONDA,PILOT,2006,SUV,5DR,FWD,,30
No,No,HONDA,PILOT,2007,SUV,5DR,AWD,,761
No,No,HONDA,PILOT,2007,SUV,5DR,FWD,,87
No,No,HONDA,PILOT,2008,SUV,5DR,AWD,,780
No,No,HONDA,PILOT,2008,SUV,5DR,FWD,,42
No,No,HONDA,PILOT,2009,SUV,5DR,AWD,,705
No,No,HONDA,PILOT,2009,SUV,5DR,FWD,,17
No,No,HONDA,PILOT,2010,SUV,5DR,AWD,,677
No,No,HONDA,PILOT,2010,SUV,5DR,FWD,,8
No,No,HONDA,PILOT,2011,SUV,5DR,AWD,,1072
No,No,HONDA,PILOT,2011,SUV,5DR,FWD,,27
No,No,HONDA,PILOT,2012,SUV,5DR,AWD,,803
No,No,HONDA,PILOT,2012,SUV,5DR,FWD,,5
No,No,HONDA,PILOT,2013,SUV,5DR,AWD,,880
No,No,HONDA,PILOT,2013,SUV,5DR,FWD,,5
No,No,HONDA,PILOT,2014,SUV,5DR,AWD,,637
No,No,HONDA,PILOT,2014,SUV,5DR,FWD,,1
No,No,HONDA,PILOT,2015,SUV,5DR,AWD,,713
No,No,HONDA,PILOT,2015,SUV,5DR,FWD,,3
No,No,HONDA,PILOT,2016,SUV,5DR,AWD,,1481
No,No,HONDA,PILOT,2016,SUV,5DR,FWD,,4
No,No,HONDA,PILOT,2017,SUV,5DR,AWD,,1368
No,No,HONDA,PILOT,2017,SUV,5DR,FWD,,2
No,No,HONDA,PILOT,2018,SUV,5DR,AWD,,699
No,No,HONDA,PILOT,2019,SUV,5DR,AWD,,989
No,No,HONDA,PILOT,2020,SUV,5DR,AWD,,557
No,No,HONDA,PILOT,2021,SUV,5DR,AWD,,889
No,No,HONDA,PILOT,2022,SUV,5DR,AWD,,107
No,No,HONDA,PRELUDE,1981,Coupe,2DR,FWD,,3
No,No,HONDA,PRELUDE,1982,Coupe,2DR,FWD,,2
No,No,HONDA,PRELUDE,1984,Coupe,2DR,FWD,,3
No,No,HONDA,PRELUDE,1985,Coupe,2DR,FWD,,4
No,No,HONDA,PRELUDE,1986,Coupe,2DR,FWD,,12
No,No,HONDA,PRELUDE,1987,Coupe,2DR,FWD,,12
No,No,HONDA,PRELUDE,1988,Coupe,2DR,FWD,,25
No,No,HONDA,PRELUDE,1989,Coupe,2DR,FWD,,31
No,No,HONDA,PRELUDE,1990,Coupe,2DR,FWD,,46
No,No,HONDA,PRELUDE,1991,Coupe,2DR,FWD,,42
No,No,HONDA,PRELUDE,1992,Coupe,2DR,FWD,,27
No,No,HONDA,PRELUDE,1993,Coupe,2DR,FWD,,27
No,No,HONDA,PRELUDE,1994,Coupe,2DR,FWD,,4
No,No,HONDA,PRELUDE,1995,Coupe,2DR,FWD,,15
No,No,HONDA,PRELUDE,1996,Coupe,2DR,FWD,,17
No,No,HONDA,PRELUDE,1997,Coupe,2DR,FWD,,96
No,No,HONDA,PRELUDE,1998,Coupe,2DR,FWD,,95
No,No,HONDA,PRELUDE,1999,Coupe,2DR,FWD,,94
No,No,HONDA,PRELUDE,2000,Coupe,2DR,FWD,,135
No,No,HONDA,PRELUDE,2001,Coupe,2DR,FWD,,264
No,No,HONDA,RIDGELINE,2006,Truck,4DR,AWD,,1076
No,No,HONDA,RIDGELINE,2007,Truck,4DR,AWD,,991
No,No,HONDA,RIDGELINE,2008,Truck,4DR,AWD,,734
No,No,HONDA,RIDGELINE,2009,Truck,4DR,AWD,,508
No,No,HONDA,RIDGELINE,2010,Truck,4DR,AWD,,506
No,No,HONDA,RIDGELINE,2011,Truck,4DR,AWD,,359
No,No,HONDA,RIDGELINE,2012,Truck,4DR,AWD,,262
No,No,HONDA,RIDGELINE,2013,Truck,4DR,AWD,,251
No,No,HONDA,RIDGELINE,2014,Truck,4DR,AWD,,257
No,No,HONDA,RIDGELINE,2017,Truck,4DR,AWD,,940
No,No,HONDA,RIDGELINE,2018,Truck,4DR,AWD,,409
No,No,HONDA,RIDGELINE,2019,Truck,4DR,AWD,,889
No,No,HONDA,RIDGELINE,2020,Truck,4DR,AWD,,297
No,No,HONDA,RIDGELINE,2021,Truck,4DR,AWD,,286
No,No,HONDA,RIDGELINE,2022,Truck,4DR,AWD,,115
No,No,HONDA,S2000,1999,Convertible,2DR,RWD,,1
No,No,HONDA,S2000,2000,Convertible,2DR,RWD,,69
No,No,HONDA,S2000,2001,Convertible,2DR,RWD,,61
No,No,HONDA,S2000,2002,Convertible,2DR,RWD,,54
No,No,HONDA,S2000,2003,Convertible,2DR,RWD,,48
No,No,HONDA,S2000,2004,Convertible,2DR,RWD,,59
No,No,HONDA,S2000,2005,Convertible,2DR,RWD,,55
No,No,HONDA,S2000,2006,Convertible,2DR,RWD,,53
No,No,HONDA,S2000,2007,Convertible,2DR,RWD,,50
No,No,HONDA,S2000,2008,Convertible,2DR,RWD,,19
No,No,HONDA,S2000,2009,Convertible,2DR,RWD,,11
No,No,HONDA,STEPWAGON,1997,Minivan,5DR,FWD,,1
No,No,HONDA,STEPWAGON,1998,Minivan,5DR,FWD,,7
No,Yes,HONDA,ACCORD,2005,Sedan,4DR,FWD,,110
No,Yes,HONDA,ACCORD,2006,Sedan,4DR,FWD,,61
No,Yes,HONDA,ACCORD,2007,Sedan,4DR,FWD,,60
No,Yes,HONDA,ACCORD,2014,Sedan,4DR,FWD,,91
No,Yes,HONDA,ACCORD,2015,Sedan,4DR,FWD,,141
No,Yes,HONDA,ACCORD,2017,Sedan,4DR,FWD,,162
No,Yes,HONDA,ACCORD,2018,Sedan,4DR,FWD,,88
No,Yes,HONDA,ACCORD,2019,Sedan,4DR,FWD,,240
No,Yes,HONDA,ACCORD,2020,Sedan,4DR,FWD,,220
No,Yes,HONDA,ACCORD,2021,Sedan,4DR,FWD,,12
No,Yes,HONDA,ACCORD,2022,Sedan,4DR,FWD,,24
No,Yes,HONDA,CIVIC,2003,Sedan,4DR,FWD,,58
No,Yes,HONDA,CIVIC,2004,Sedan,4DR,FWD,,23
No,Yes,HONDA,CIVIC,2005,Sedan,4DR,FWD,,28
No,Yes,HONDA,CIVIC,2006,Sedan,4DR,FWD,,229
No,Yes,HONDA,CIVIC,2007,Sedan,4DR,FWD,,339
No,Yes,HONDA,CIVIC,2008,Sedan,4DR,FWD,,356
No,Yes,HONDA,CIVIC,2009,Sedan,4DR,FWD,,254
No,Yes,HONDA,CIVIC,2012,Sedan,4DR,FWD,,61
No,Yes,HONDA,CIVIC,2014,Sedan,4DR,FWD,,19
No,Yes,HONDA,CIVIC,2015,Sedan,4DR,FWD,,2
No,Yes,HONDA,CLARITY,2018,Sedan,4DR,FWD,,49
No,Yes,HONDA,CLARITY,2019,Sedan,4DR,FWD,,191
No,Yes,HONDA,CLARITY,2020,Sedan,4DR,FWD,,118
No,Yes,HONDA,CLARITY,2021,Sedan,4DR,FWD,,3
No,Yes,HONDA,CR-Z,2011,Coupe,3DR,FWD,,154
No,Yes,HONDA,CR-Z,2012,Coupe,3DR,FWD,,16
No,Yes,HONDA,CR-Z,2013,Coupe,3DR,FWD,,7
No,Yes,HONDA,CR-Z,2014,Coupe,3DR,FWD,,7
No,Yes,HONDA,CR-Z,2015,Coupe,3DR,FWD,,2
No,Yes,HONDA,CR-Z,2016,Coupe,3DR,FWD,,4
No,Yes,HONDA,INSIGHT,2000,Coupe,3DR,FWD,,23
No,Yes,HONDA,INSIGHT,2001,Coupe,3DR,FWD,,5
No,Yes,HONDA,INSIGHT,2002,Coupe,3DR,FWD,,2
No,Yes,HONDA,INSIGHT,2003,Coupe,3DR,FWD,,1
No,Yes,HONDA,INSIGHT,2006,Coupe,3DR,FWD,,3
No,Yes,HONDA,INSIGHT,2010,Hatchback,5DR,FWD,,352
No,Yes,HONDA,INSIGHT,2012,Hatchback,5DR,FWD,,21
No,Yes,HONDA,INSIGHT,2014,Hatchback,5DR,FWD,,1
No,Yes,HONDA,INSIGHT,2019,Sedan,4DR,FWD,,248
No,Yes,HONDA,INSIGHT,2020,Sedan,4DR,FWD,,200
No,Yes,HONDA,INSIGHT,2021,Sedan,4DR,FWD,,49
No,No,ACURA,1.6EL,1997,Sedan,4DR,FWD,,240
No,No,ACURA,1.6EL,1998,Sedan,4DR,FWD,,299
No,No,ACURA,1.6EL,1999,Sedan,4DR,FWD,,292
No,No,ACURA,1.6EL,2000,Sedan,4DR,FWD,,333
No,No,ACURA,1.7EL,2001,Sedan,4DR,FWD,,573
No,No,ACURA,1.7EL,2002,Sedan,4DR,FWD,,758
No,No,ACURA,1.7EL,2003,Sedan,4DR,FWD,,580
No,No,ACURA,2.2CL,1997,Coupe,2DR,FWD,,42
No,No,ACURA,2.3CL,1998,Coupe,2DR,FWD,,24
No,No,ACURA,2.3CL,1999,Coupe,2DR,FWD,,13
No,No,ACURA,2.5TL,1996,Sedan,4DR,FWD,,21
No,No,ACURA,2.5TL,1997,Sedan,4DR,FWD,,9
No,No,ACURA,2.5TL,1998,Sedan,4DR,FWD,,11
No,No,ACURA,3.0CL,1997,Coupe,2DR,FWD,,44
No,No,ACURA,3.0CL,1998,Coupe,2DR,FWD,,28
No,No,ACURA,3.0CL,1999,Coupe,2DR,FWD,,8
No,No,ACURA,3.2CL,2001,Coupe,2DR,FWD,,39
No,No,ACURA,3.2CL,2001,Coupe,2DR,FWD,TYPE S,104
No,No,ACURA,3.2CL,2002,Coupe,2DR,FWD,,11
No,No,ACURA,3.2CL,2002,Coupe,2DR,FWD,TYPE S,12
No,No,ACURA,3.2CL,2003,Coupe,2DR,FWD,,35
No,No,ACURA,3.2CL,2003,Coupe,2DR,FWD,TYPE S,79
No,No,ACURA,3.2TL,1996,Sedan,4DR,FWD,,36
No,No,ACURA,3.2TL,1997,Sedan,4DR,FWD,,22
No,No,ACURA,3.2TL,1998,Sedan,4DR,FWD,,20
No,No,ACURA,3.2TL,1999,Sedan,4DR,FWD,,219
No,No,ACURA,3.2TL,2000,Sedan,4DR,FWD,,328
No,No,ACURA,3.2TL,2001,Sedan,4DR,FWD,,143
No,No,ACURA,3.2TL,2002,Sedan,4DR,FWD,,220
No,No,ACURA,3.2TL,2002,Sedan,4DR,FWD,TYPE S,154
No,No,ACURA,3.2TL,2003,Sedan,4DR,FWD,,355
No,No,ACURA,3.2TL,2003,Sedan,4DR,FWD,TYPE S,191
No,No,ACURA,3.5RL,1996,Sedan,4DR,FWD,,23
No,No,ACURA,3.5RL,1997,Sedan,4DR,FWD,,30
No,No,ACURA,3.5RL,1998,Sedan,4DR,FWD,,28
No,No,ACURA,3.5RL,1999,Sedan,4DR,FWD,,26
No,No,ACURA,3.5RL,2000,Sedan,4DR,FWD,,33
No,No,ACURA,3.5RL,2001,Sedan,4DR,FWD,,12
No,No,ACURA,3.5RL,2002,Sedan,4DR,FWD,,39
No,No,ACURA,3.5RL,2003,Sedan,4DR,FWD,,12
No,No,ACURA,3.5RL,2004,Sedan,4DR,FWD,,13
No,No,ACURA,CSX,2006,Sedan,4DR,FWD,,698
No,No,ACURA,CSX,2007,Sedan,4DR,FWD,,330
No,No,ACURA,CSX,2007,Sedan,4DR,FWD,TYPE S,21
No,No,ACURA,CSX,2008,Sedan,4DR,FWD,,308
No,No,ACURA,CSX,2008,Sedan,4DR,FWD,TYPE S,30
No,No,ACURA,CSX,2009,Sedan,4DR,FWD,,241
No,No,ACURA,CSX,2009,Sedan,4DR,FWD,TYPE S,14
No,No,ACURA,CSX,2010,Sedan,4DR,FWD,,261
No,No,ACURA,CSX,2010,Sedan,4DR,FWD,TYPE S,8
No,No,ACURA,CSX,2011,Sedan,4DR,FWD,,195
No,No,ACURA,EL,2004,Sedan,4DR,FWD,,485
No,No,ACURA,EL,2005,Sedan,4DR,FWD,,601
No,No,ACURA,ILX,2013,Sedan,4DR,FWD,,525
No,No,ACURA,ILX,2013,Sedan,4DR,FWD,DYNAMIC,39
No,No,ACURA,ILX,2014,Sedan,4DR,FWD,,262
No,No,ACURA,ILX,2014,Sedan,4DR,FWD,DYNAMIC,27
No,No,ACURA,ILX,2015,Sedan,4DR,FWD,,119
No,No,ACURA,ILX,2015,Sedan,4DR,FWD,DYNAMIC,17
No,No,ACURA,ILX,2016,Sedan,4DR,FWD,,501
No,No,ACURA,ILX,2017,Sedan,4DR,FWD,,429
No,No,ACURA,ILX,2018,Sedan,4DR,FWD,,172
No,No,ACURA,ILX,2019,Sedan,4DR,FWD,,199
No,No,ACURA,ILX,2020,Sedan,4DR,FWD,,126
No,No,ACURA,ILX,2021,Sedan,4DR,FWD,,46
No,No,ACURA,INTEGRA,1987,Coupe,3DR,FWD,,3
No,No,ACURA,INTEGRA,1987,Hatchback,5DR,FWD,,1
No,No,ACURA,INTEGRA,1988,Sedan,4DR,FWD,,2
No,No,ACURA,INTEGRA,1989,Coupe,3DR,FWD,,3
No,No,ACURA,INTEGRA,1990,Coupe,3DR,FWD,,52
No,No,ACURA,INTEGRA,1990,Coupe,3DR,FWD,GS-R,2
No,No,ACURA,INTEGRA,1990,Sedan,4DR,FWD,,30
No,No,ACURA,INTEGRA,1991,Coupe,3DR,FWD,,61
No,No,ACURA,INTEGRA,1991,Coupe,3DR,FWD,GS-R,1
No,No,ACURA,INTEGRA,1991,Sedan,4DR,FWD,,29
No,No,ACURA,INTEGRA,1991,Sedan,4DR,FWD,GS-R,2
No,No,ACURA,INTEGRA,1992,Coupe,3DR,FWD,,79
No,No,ACURA,INTEGRA,1992,Coupe,3DR,FWD,GS-R,15
No,No,ACURA,INTEGRA,1992,Sedan,4DR,FWD,,27
No,No,ACURA,INTEGRA,1993,Coupe,3DR,FWD,,36
No,No,ACURA,INTEGRA,1993,Coupe,3DR,FWD,GS-R,5
No,No,ACURA,INTEGRA,1993,Sedan,4DR,FWD,,21
No,No,ACURA,INTEGRA,1993,Sedan,4DR,FWD,GS-R,1
No,No,ACURA,INTEGRA,1994,Coupe,3DR,FWD,,56
No,No,ACURA,INTEGRA,1994,Coupe,3DR,FWD,GS-R,5
No,No,ACURA,INTEGRA,1994,Sedan,4DR,FWD,,31
No,No,ACURA,INTEGRA,1995,Coupe,3DR,FWD,,76
No,No,ACURA,INTEGRA,1995,Coupe,3DR,FWD,GS-R,12
No,No,ACURA,INTEGRA,1995,Sedan,4DR,FWD,,60
No,No,ACURA,INTEGRA,1996,Coupe,3DR,FWD,,81
No,No,ACURA,INTEGRA,1996,Coupe,3DR,FWD,GS-R,12
No,No,ACURA,INTEGRA,1996,Sedan,4DR,FWD,,50
No,No,ACURA,INTEGRA,1996,Sedan,4DR,FWD,GS-R,1
No,No,ACURA,INTEGRA,1997,Coupe,3DR,FWD,,82
No,No,ACURA,INTEGRA,1997,Coupe,3DR,FWD,GS-R,9
No,No,ACURA,INTEGRA,1997,Coupe,3DR,FWD,TYPE R,4
No,No,ACURA,INTEGRA,1997,Sedan,4DR,FWD,,1
No,No,ACURA,INTEGRA,1997,Sedan,4DR,FWD,GS-R,1
No,No,ACURA,INTEGRA,1998,Coupe,3DR,FWD,,89
No,No,ACURA,INTEGRA,1998,Coupe,3DR,FWD,GS-R,14
No,No,ACURA,INTEGRA,1998,Coupe,3DR,FWD,TYPE R,5
No,No,ACURA,INTEGRA,1998,Sedan,4DR,FWD,,2
No,No,ACURA,INTEGRA,1998,Sedan,4DR,FWD,GS-R,1
No,No,ACURA,INTEGRA,1999,Coupe,3DR,FWD,,68
No,No,ACURA,INTEGRA,1999,Coupe,3DR,FWD,GS-R,5
No,No,ACURA,INTEGRA,1999,Coupe,3DR,FWD,TYPE R,6
No,No,ACURA,INTEGRA,2000,Coupe,3DR,FWD,,172
No,No,ACURA,INTEGRA,2000,Coupe,3DR,FWD,GS-R,23
No,No,ACURA,INTEGRA,2000,Coupe,3DR,FWD,TYPE R,11
No,No,ACURA,INTEGRA,2001,Coupe,3DR,FWD,,97
No,No,ACURA,INTEGRA,2001,Coupe,3DR,FWD,GS-R,18
No,No,ACURA,INTEGRA,2001,Coupe,3DR,FWD,TYPE R,14
No,No,ACURA,LEGEND,1987,Sedan,4DR,FWD,,6
No,No,ACURA,LEGEND,1988,Coupe,2DR,FWD,,7
No,No,ACURA,LEGEND,1988,Sedan,4DR,FWD,,1
No,No,ACURA,LEGEND,1989,Coupe,2DR,FWD,,2
No,No,ACURA,LEGEND,1989,Sedan,4DR,FWD,,3
No,No,ACURA,LEGEND,1990,Coupe,2DR,FWD,,4
No,No,ACURA,LEGEND,1990,Sedan,4DR,FWD,,12
No,No,ACURA,LEGEND,1991,Coupe,2DR,FWD,,7
No,No,ACURA,LEGEND,1991,Sedan,4DR,FWD,,11
No,No,ACURA,LEGEND,1992,Coupe,2DR,FWD,,4
No,No,ACURA,LEGEND,1992,Sedan,4DR,FWD,,13
No,No,ACURA,LEGEND,1993,Coupe,2DR,FWD,,1
No,No,ACURA,LEGEND,1993,Sedan,4DR,FWD,,7
No,No,ACURA,LEGEND,1994,Coupe,2DR,FWD,,1
No,No,ACURA,LEGEND,1994,Sedan,4DR,FWD,,1
No,No,ACURA,LEGEND,1995,Sedan,4DR,FWD,,6
No,No,ACURA,MDX,2001,SUV,5DR,AWD,,276
No,No,ACURA,MDX,2002,SUV,5DR,AWD,,397
No,No,ACURA,MDX,2003,SUV,5DR,AWD,,523
No,No,ACURA,MDX,2004,SUV,5DR,AWD,,635
No,No,ACURA,MDX,2005,SUV,5DR,AWD,,643
No,No,ACURA,MDX,2006,SUV,5DR,AWD,,618
No,No,ACURA,MDX,2007,SUV,5DR,AWD,,796
No,No,ACURA,MDX,2008,SUV,5DR,AWD,,1063
No,No,ACURA,MDX,2009,SUV,5DR,AWD,,1112
No,No,ACURA,MDX,2010,SUV,5DR,AWD,,766
No,No,ACURA,MDX,2011,SUV,5DR,AWD,,780
No,No,ACURA,MDX,2012,SUV,5DR,AWD,,664
No,No,ACURA,MDX,2013,SUV,5DR,AWD,,561
No,No,ACURA,MDX,2014,SUV,5DR,AWD,,924
No,No,ACURA,MDX,2014,SUV,5DR,FWD,,2
No,No,ACURA,MDX,2015,SUV,5DR,AWD,,513
No,No,ACURA,MDX,2015,SUV,5DR,FWD,,1
No,No,ACURA,MDX,2016,SUV,5DR,AWD,,1077
No,No,ACURA,MDX,2017,SUV,5DR,AWD,,1251
No,No,ACURA,MDX,2017,SUV,5DR,FWD,,1
No,No,ACURA,MDX,2018,SUV,5DR,AWD,,471
No,No,ACURA,MDX,2019,SUV,5DR,AWD,,636
No,No,ACURA,MDX,2020,SUV,5DR,AWD,,443
No,No,ACURA,MDX,2021,SUV,5DR,AWD,,4
No,No,ACURA,MDX,2022,SUV,5DR,AWD,,563
No,No,ACURA,NSX,1991,Coupe,2DR,RWD,,53
No,No,ACURA,NSX,1992,Coupe,2DR,RWD,,8
No,No,ACURA,NSX,1993,Coupe,2DR,RWD,,2
No,No,ACURA,NSX,1994,Coupe,2DR,RWD,,8
No,No,ACURA,NSX,1995,Coupe,2DR,RWD,,7
No,No,ACURA,NSX,1996,Coupe,2DR,RWD,,2
No,No,ACURA,NSX,1997,Coupe,2DR,RWD,,3
No,No,ACURA,NSX,1998,Coupe,2DR,RWD,,3
No,No,ACURA,NSX,2000,Coupe,2DR,RWD,,4
No,No,ACURA,NSX,2001,Coupe,2DR,RWD,,2
No,No,ACURA,NSX,2002,Coupe,2DR,RWD,,7
No,No,ACURA,NSX,2003,Coupe,2DR,RWD,,1
No,No,ACURA,NSX,2004,Coupe,2DR,RWD,,3
No,No,ACURA,NSX,2005,Coupe,2DR,RWD,,2
No,No,ACURA,NSX,2018,Coupe,2DR,RWD,,1
No,No,ACURA,RDX,2007,SUV,5DR,AWD,,711
No,No,ACURA,RDX,2008,SUV,5DR,AWD,,753
No,No,ACURA,RDX,2009,SUV,5DR,AWD,,517
No,No,ACURA,RDX,2010,SUV,5DR,AWD,,579
No,No,ACURA,RDX,2010,SUV,5DR,FWD,,1
No,No,ACURA,RDX,2011,SUV,5DR,AWD,,470
No,No,ACURA,RDX,2011,SUV,5DR,FWD,,4
No,No,ACURA,RDX,2012,SUV,5DR,AWD,,258
No,No,ACURA,RDX,2012,SUV,5DR,FWD,,1
No,No,ACURA,RDX,2013,SUV,5DR,AWD,,974
No,No,ACURA,RDX,2013,SUV,5DR,FWD,,3
No,No,ACURA,RDX,2014,SUV,5DR,AWD,,998
No,No,ACURA,RDX,2014,SUV,5DR,FWD,,1
No,No,ACURA,RDX,2015,SUV,5DR,AWD,,981
No,No,ACURA,RDX,2015,SUV,5DR,FWD,,3
No,No,ACURA,RDX,2016,SUV,5DR,AWD,,932
No,No,ACURA,RDX,2016,SUV,5DR,FWD,,2
No,No,ACURA,RDX,2017,SUV,5DR,AWD,,1657
No,No,ACURA,RDX,2017,SUV,5DR,FWD,,1
No,No,ACURA,RDX,2018,SUV,5DR,AWD,,1094
No,No,ACURA,RDX,2019,SUV,5DR,AWD,,1239
No,No,ACURA,RDX,2020,SUV,5DR,AWD,,1205
No,No,ACURA,RDX,2021,SUV,5DR,AWD,,1262
No,No,ACURA,RDX,2022,SUV,5DR,AWD,,83
No,No,ACURA,RL,2005,Sedan,4DR,AWD,,77
No,No,ACURA,RL,2006,Sedan,4DR,AWD,,25
No,No,ACURA,RL,2007,Sedan,4DR,AWD,,27
No,No,ACURA,RL,2008,Sedan,4DR,AWD,,20
No,No,ACURA,RL,2009,Sedan,4DR,AWD,,7
No,No,ACURA,RL,2010,Sedan,4DR,AWD,,11
No,No,ACURA,RL,2011,Sedan,4DR,AWD,,1
No,No,ACURA,RL,2012,Sedan,4DR,AWD,,2
No,No,ACURA,RLX,2014,Sedan,4DR,FWD,,33
No,No,ACURA,RLX,2015,Sedan,4DR,FWD,,11
No,No,ACURA,RSX,2002,Coupe,3DR,FWD,,493
No,No,ACURA,RSX,2002,Coupe,3DR,FWD,TYPE S,200
No,No,ACURA,RSX,2003,Coupe,3DR,FWD,,395
No,No,ACURA,RSX,2003,Coupe,3DR,FWD,TYPE S,97
No,No,ACURA,RSX,2004,Coupe,3DR,FWD,,157
No,No,ACURA,RSX,2004,Coupe,3DR,FWD,TYPE S,61
No,No,ACURA,RSX,2005,Coupe,3DR,FWD,,245
No,No,ACURA,RSX,2005,Coupe,3DR,FWD,TYPE S,70
No,No,ACURA,RSX,2006,Coupe,3DR,FWD,,199
No,No,ACURA,RSX,2006,Coupe,3DR,FWD,TYPE S,48
No,No,ACURA,TL,2004,Sedan,4DR,FWD,,603
No,No,ACURA,TL,2005,Sedan,4DR,FWD,,632
No,No,ACURA,TL,2006,Sedan,4DR,FWD,,682
No,No,ACURA,TL,2007,Sedan,4DR,FWD,,284
No,No,ACURA,TL,2007,Sedan,4DR,FWD,TYPE S,131
No,No,ACURA,TL,2008,Sedan,4DR,FWD,,290
No,No,ACURA,TL,2008,Sedan,4DR,FWD,TYPE S,133
No,No,ACURA,TL,2009,Sedan,4DR,AWD,,184
No,No,ACURA,TL,2009,Sedan,4DR,FWD,,244
No,No,ACURA,TL,2010,Sedan,4DR,AWD,,175
No,No,ACURA,TL,2010,Sedan,4DR,FWD,,93
No,No,ACURA,TL,2011,Sedan,4DR,AWD,,43
No,No,ACURA,TL,2011,Sedan,4DR,FWD,,31
No,No,ACURA,TL,2012,Sedan,4DR,AWD,,319
No,No,ACURA,TL,2012,Sedan,4DR,FWD,,151
No,No,ACURA,TL,2013,Sedan,4DR,AWD,,143
No,No,ACURA,TL,2013,Sedan,4DR,FWD,,59
No,No,ACURA,TL,2014,Sedan,4DR,AWD,,100
No,No,ACURA,TL,2014,Sedan,4DR,FWD,,35
No,No,ACURA,TLX,2015,Sedan,4DR,AWD,,427
No,No,ACURA,TLX,2015,Sedan,4DR,FWD,,407
No,No,ACURA,TLX,2016,Sedan,4DR,AWD,,215
No,No,ACURA,TLX,2016,Sedan,4DR,FWD,,125
No,No,ACURA,TLX,2017,Sedan,4DR,AWD,,155
No,No,ACURA,TLX,2017,Sedan,4DR,FWD,,114
No,No,ACURA,TLX,2018,Sedan,4DR,AWD,,274
No,No,ACURA,TLX,2018,Sedan,4DR,FWD,,177
No,No,ACURA,TLX,2019,Sedan,4DR,AWD,,226
No,No,ACURA,TLX,2019,Sedan,4DR,FWD,,159
No,No,ACURA,TLX,2020,Sedan,4DR,AWD,,189
No,No,ACURA,TLX,2020,Sedan,4DR,FWD,,135
No,No,ACURA,TLX,2021,Sedan,4DR,AWD,,259
No,No,ACURA,TLX,2021,Sedan,4DR,AWD,TYPE S,20
No,No,ACURA,TLX,2021,Sedan,4DR,FWD,,13
No,No,ACURA,TLX,2022,Sedan,4DR,AWD,TYPE S,2
No,No,ACURA,TSX,2004,Sedan,4DR,FWD,,920
No,No,ACURA,TSX,2005,Sedan,4DR,FWD,,570
No,No,ACURA,TSX,2006,Sedan,4DR,FWD,,452
No,No,ACURA,TSX,2007,Sedan,4DR,FWD,,205
No,No,ACURA,TSX,2008,Sedan,4DR,FWD,,210
No,No,ACURA,TSX,2009,Sedan,4DR,FWD,,471
No,No,ACURA,TSX,2010,Sedan,4DR,FWD,,229
No,No,ACURA,TSX,2011,Sedan,4DR,FWD,,96
No,No,ACURA,TSX,2012,Sedan,4DR,FWD,,251
No,No,ACURA,TSX,2012,Stationwagon,5DR,FWD,,2
No,No,ACURA,TSX,2013,Sedan,4DR,FWD,,128
No,No,ACURA,TSX,2013,Stationwagon,5DR,FWD,,1
No,No,ACURA,VIGOR,1992,Sedan,4DR,FWD,,15
No,No,ACURA,VIGOR,1993,Sedan,4DR,FWD,,13
No,No,ACURA,VIGOR,1994,Sedan,4DR,FWD,,6
No,No,ACURA,ZDX,2010,SUV,5DR,AWD,,79
No,No,ACURA,ZDX,2011,SUV,5DR,AWD,,13
No,No,ACURA,ZDX,2012,SUV,5DR,AWD,,3
No,No,ACURA,ZDX,2013,SUV,5DR,AWD,,4
No,Yes,ACURA,ILX,2013,Sedan,4DR,FWD,,20
No,Yes,ACURA,ILX,2014,Sedan,4DR,FWD,,11
No,Yes,ACURA,ILX,2015,Sedan,4DR,FWD,,9
No,Yes,ACURA,MDX,2017,SUV,5DR,AWD,,20
No,Yes,ACURA,MDX,2018,SUV,5DR,AWD,,14
No,Yes,ACURA,MDX,2019,SUV,5DR,AWD,,27
No,Yes,ACURA,MDX,2020,SUV,5DR,AWD,,16
No,Yes,ACURA,NSX,2017,Coupe,2DR,RWD,,15
No,Yes,ACURA,NSX,2018,Coupe,2DR,RWD,,1
No,Yes,ACURA,NSX,2019,Coupe,2DR,RWD,,2
No,Yes,ACURA,NSX,2020,Coupe,2DR,RWD,,1
No,Yes,ACURA,NSX,2021,Coupe,2DR,RWD,,1
No,Yes,ACURA,RLX,2014,Sedan,4DR,AWD,,6
No,Yes,ACURA,RLX,2015,Sedan,4DR,AWD,,7
No,Yes,ACURA,RLX,2016,Sedan,4DR,AWD,,10
No,Yes,ACURA,RLX,2017,Sedan,4DR,AWD,,7
No,Yes,ACURA,RLX,2018,Sedan,4DR,AWD,,6
No,Yes,ACURA,RLX,2019,Sedan,4DR,AWD,,5
No,Yes,ACURA,RLX,2020,Sedan,4DR,AWD,,2
